{"gen_G_loss": {"min": 0.31359490752220154}, "gen_F_loss": {"min": 0.4520286023616791}, "cyclic_loss": {"min": 4.975016117095947}, "identity_loss": {"min": 0}, "total_gen_G_loss": {"min": 5.398332118988037}, "total_gen_F_loss": {"min": 5.456174373626709}, "disc_X_loss": {"min": 0.27922308444976807}, "disc_Y_loss": {"min": 0.25539499521255493}, "_timestamp": 1660402876, "_runtime": 100, "_step": 22, "_wandb": {"runtime": 100}}